{
    "accuracy": 0.9397742322002901,
    "precision": 0.9147248388696083,
    "recall": 0.702054794520548,
    "f1": 0.7944025834230355,
    "n_samples": 79285,
    "n_features": 136,
    "run_date": "2026-05-15T02:01:14.736007"
}